{"accuracy": 0.9977177767634563, "precision": 0.42, "recall": 0.8571428571428571, "f1": 0.5637583892617449, "roc_auc": 0.9838368380554248, "confusion_matrix": [[56748, 116], [14, 84]]}